Sender,Total,align_raw,align_pct,bash_raw,bash_pct
Ken Calvert,113,91,0.8053,7,0.0619
Sean Duffy,94,83,0.883,1,0.0106
Robert Aderholt,22,18,0.8182,2,0.0909
Randy Neugebauer,320,217,0.6781,23,0.0719
Tim Ryan,8,6,0.75,1,0.125
Joaquin Castro,36,35,0.9722,0,0.0
Debbie Wasserman Schultz,85,75,0.8824,1,0.0118
Mike Quigley,45,44,0.9778,0,0.0
Michael Honda,87,69,0.7931,3,0.0345
Joe Walsh,66,53,0.803,7,0.1061
Roger Williams,22,11,0.5,1,0.0455
Charles Grassley,150,130,0.8667,11,0.0733
Julia Brownley,51,49,0.9608,0,0.0
Dennis Ross,59,54,0.9153,1,0.0169
Tim Johnson,78,75,0.9615,0,0.0
Jaime Herrera Beutler,60,59,0.9833,0,0.0
Loretta Sanchez,175,147,0.84,6,0.0343
Tim Huelskamp,268,165,0.6157,39,0.1455
Richard Durbin,67,60,0.8955,2,0.0299
Thomas Massie,96,92,0.9583,0,0.0
Jon Tester,150,145,0.9667,2,0.0133
K. Conaway,87,61,0.7011,8,0.092
Brendan Boyle,4,4,1.0,0,0.0
Judy Biggert,168,103,0.6131,32,0.1905
Mo Brooks,35,30,0.8571,1,0.0286
Mark Schauer,11,11,1.0,0,0.0
Tim Walberg,213,177,0.831,9,0.0423
David Scott,54,46,0.8519,1,0.0185
Scott Brown,27,27,1.0,0,0.0
Deborah Halvorson,30,29,0.9667,0,0.0
John Yarmuth,40,38,0.95,0,0.0
Theodore Deutch,108,99,0.9167,1,0.0093
Jeanne Shaheen,87,83,0.954,0,0.0
John Dingell,34,23,0.6765,2,0.0588
Marsha Blackburn,78,67,0.859,4,0.0513
Al Green,113,104,0.9204,1,0.0088
Michael Doyle,22,19,0.8636,1,0.0455
Charles Gonzalez,38,34,0.8947,1,0.0263
Michael Fitzpatrick,205,190,0.9268,3,0.0146
Juan Vargas,14,13,0.9286,0,0.0
John Walsh,4,2,0.5,0,0.0
Robert Scott,7,7,1.0,0,0.0
Steven Rothman,12,12,1.0,0,0.0
Jerrold Nadler,26,23,0.8846,0,0.0
Luke Messer,24,18,0.75,2,0.0833
Bernard Sanders,241,205,0.8506,5,0.0207
James Risch,6,4,0.6667,0,0.0
Marc Veasey,67,65,0.9701,2,0.0299
Tom MacArthur,24,18,0.75,1,0.0417
Gabrielle Giffords,33,31,0.9394,0,0.0
Mia Love,4,4,1.0,0,0.0
Claire McCaskill,95,92,0.9684,0,0.0
Lois Capps,190,170,0.8947,4,0.0211
John Carter,120,87,0.725,6,0.05
Jeff Fortenberry,201,201,1.0,0,0.0
Alcee Hastings,9,8,0.8889,0,0.0
Garret Graves,5,4,0.8,1,0.2
Mike Thompson,19,18,0.9474,0,0.0
Bobby Bright,62,58,0.9355,0,0.0
Tom Cole,71,54,0.7606,4,0.0563
Tammy Duckworth,75,73,0.9733,0,0.0
Henry Waxman,12,12,1.0,0,0.0
Marcy Kaptur,45,44,0.9778,0,0.0
Bob Corker,197,122,0.6193,47,0.2386
Harry Reid,243,226,0.93,3,0.0123
Steny Hoyer,111,95,0.8559,4,0.036
Jim Bridenstine,42,33,0.7857,3,0.0714
William Owens,62,61,0.9839,0,0.0
Aaron Schock,55,42,0.7636,6,0.1091
Elise Stefanik,30,29,0.9667,0,0.0
Blake Farenthold,57,54,0.9474,0,0.0
Corrine Brown,35,30,0.8571,2,0.0571
Alan Lowenthal,97,61,0.6289,12,0.1237
Martha McSally,19,19,1.0,0,0.0
Michael Burgess,277,251,0.9061,12,0.0433
Nita Lowey,157,150,0.9554,2,0.0127
Mike Lee,105,93,0.8857,3,0.0286
Brad Wenstrup,32,23,0.7188,4,0.125
Patrick Murphy,125,118,0.944,0,0.0
Steve Russell,29,20,0.6897,1,0.0345
John Kline,150,131,0.8733,8,0.0533
Anh Cao,123,108,0.878,1,0.0081
Vicky Hartzler,258,157,0.6085,37,0.1434
Colleen Hanabusa,5,3,0.6,1,0.2
Barbara Boxer,647,584,0.9026,6,0.0093
Charles Djou,8,8,1.0,0,0.0
Sean Maloney,44,44,1.0,0,0.0
John Fleming,31,27,0.871,2,0.0645
Mike McIntyre,157,153,0.9745,0,0.0
David Schweikert,94,76,0.8085,5,0.0532
Michael McMahon,11,10,0.9091,0,0.0
Danny Davis,2,2,1.0,0,0.0
Kenny Marchant,186,179,0.9624,2,0.0108
Daniel Maffei,31,28,0.9032,1,0.0323
Henry Brown,18,16,0.8889,0,0.0
Robert Hurt,276,273,0.9891,0,0.0
Ike Skelton,20,20,1.0,0,0.0
Joe Manchin,3,3,1.0,0,0.0
Mary Landrieu,144,121,0.8403,7,0.0486
Glenn Nye,13,12,0.9231,1,0.0769
Diane Black,239,150,0.6276,33,0.1381
Jim Jordan,1,1,1.0,0,0.0
Peter Roskam,116,107,0.9224,4,0.0345
Joe Courtney,255,244,0.9569,0,0.0
Christopher Gibson,88,80,0.9091,2,0.0227
John Conyers,22,20,0.9091,0,0.0
Michael Crapo,60,42,0.7,11,0.1833
Will Hurd,1,1,1.0,0,0.0
Mazie Hirono,55,48,0.8727,1,0.0182
Virginia Foxx,87,67,0.7701,4,0.046
Rush Holt,242,229,0.9463,1,0.0041
Mick Mulvaney,60,51,0.85,4,0.0667
Todd Young,58,53,0.9138,0,0.0
Steve Scalise,142,95,0.669,27,0.1901
Richard Burr,178,153,0.8596,9,0.0506
Beto O'Rourke,20,20,1.0,0,0.0
Thomas Harkin,2,2,1.0,0,0.0
Patrick Toomey,125,80,0.64,13,0.104
Jason Smith,48,48,1.0,0,0.0
Steve King,70,42,0.6,8,0.1143
Dennis Cardoza,44,32,0.7273,3,0.0682
Chaka Fattah,47,39,0.8298,2,0.0426
Mike Bost,18,17,0.9444,0,0.0
Daniel Kildee,12,12,1.0,0,0.0
John Duncan,15,12,0.8,0,0.0
John Linder,7,6,0.8571,0,0.0
James Barrett,10,8,0.8,1,0.1
Dennis Kucinich,210,198,0.9429,1,0.0048
Mike Kelly,263,229,0.8707,20,0.076
Ron Barber,21,20,0.9524,0,0.0
Travis Childers,50,49,0.98,1,0.02
Steve Driehaus,3,3,1.0,0,0.0
George Butterfield,47,46,0.9787,0,0.0
Mike Coffman,217,162,0.7465,14,0.0645
Jim Matheson,143,142,0.993,0,0.0
Dave Trott,27,27,1.0,0,0.0
Russ Carnahan,30,30,1.0,0,0.0
Alan Franken,58,48,0.8276,6,0.1034
Eliot Engel,146,127,0.8699,1,0.0068
Janice Schakowsky,42,40,0.9524,0,0.0
Lincoln Davis,3,3,1.0,0,0.0
Maria Cantwell,18,13,0.7222,3,0.1667
David Dreier,8,8,1.0,0,0.0
Steve Cohen,376,224,0.5957,47,0.125
John Sullivan,43,29,0.6744,4,0.093
Todd Tiahrt,38,25,0.6579,4,0.1053
Kevin Brady,137,112,0.8175,4,0.0292
Samuel Brownback,4,3,0.75,1,0.25
Tom Rice,188,166,0.883,4,0.0213
John Campbell,187,154,0.8235,7,0.0374
French Hill,4,4,1.0,0,0.0
Kay Hutchison,2,2,1.0,0,0.0
Frank Lucas,37,21,0.5676,9,0.2432
John Shimkus,99,70,0.7071,8,0.0808
Mike Pence,24,22,0.9167,1,0.0417
John Boozman,44,20,0.4545,10,0.2273
Bradley Schneider,29,28,0.9655,0,0.0
Mark Kirk,111,103,0.9279,1,0.009
Vance McAllister,4,4,1.0,0,0.0
David Rivera,51,24,0.4706,5,0.098
Ted Lieu,8,8,1.0,0,0.0
Betsy Markey,3,3,1.0,0,0.0
Herbert Kohl,87,83,0.954,0,0.0
Peter Welch,79,69,0.8734,2,0.0253
Spencer Bachus,53,41,0.7736,3,0.0566
Tom Udall,51,51,1.0,0,0.0
Terri Sewell,81,81,1.0,0,0.0
Mitch McConnell,94,52,0.5532,21,0.2234
Todd Platts,22,15,0.6818,1,0.0455
Michael Bennet,72,68,0.9444,0,0.0
Joyce Beatty,7,7,1.0,0,0.0
Jane Harman,6,5,0.8333,0,0.0
Scott Peters,38,37,0.9737,0,0.0
Angus King,41,36,0.878,1,0.0244
Judy Chu,17,17,1.0,0,0.0
Pete Gallego,59,59,1.0,0,0.0
Melvin Watt,11,10,0.9091,0,0.0
Patrick Kennedy,19,17,0.8947,0,0.0
Elizabeth Esty,74,67,0.9054,3,0.0405
Donald Payne,9,7,0.7778,0,0.0
Harold Rogers,84,67,0.7976,4,0.0476
Rodney Frelinghuysen,317,155,0.489,79,0.2492
Bob Inglis,7,6,0.8571,1,0.1429
Edolphus Towns,3,3,1.0,0,0.0
Bob Filner,13,12,0.9231,0,0.0
Richard Blumenthal,22,20,0.9091,0,0.0
Mark Begich,43,34,0.7907,2,0.0465
John Garamendi,47,47,1.0,0,0.0
Joe Baca,157,147,0.9363,2,0.0127
Martha Roby,196,122,0.6224,27,0.1378
Fortney Stark,53,44,0.8302,1,0.0189
Shelley Capito,298,264,0.8859,5,0.0168
Charles Dent,38,34,0.8947,3,0.0789
Christopher Carney,60,59,0.9833,0,0.0
Mike Pompeo,117,91,0.7778,6,0.0513
Edward Rigell,113,113,1.0,0,0.0
Christopher Murphy,44,44,1.0,0,0.0
Stephen Lynch,8,7,0.875,0,0.0
Joseph Heck,119,119,1.0,0,0.0
Adrian Smith,143,98,0.6853,18,0.1259
Mark Takano,62,59,0.9516,0,0.0
Tom McClintock,97,90,0.9278,2,0.0206
John Katko,1,1,1.0,0,0.0
Brian Babin,11,9,0.8182,1,0.0909
Robert Schilling,60,51,0.85,2,0.0333
Kathleen Dahlkemper,19,19,1.0,0,0.0
Walter Jones,49,29,0.5918,8,0.1633
Leonard Boswell,64,59,0.9219,0,0.0
Rick Larsen,51,49,0.9608,1,0.0196
Chris Coons,15,14,0.9333,0,0.0
Robert Wexler,3,2,0.6667,0,0.0
Henry Cuellar,219,213,0.9726,2,0.0091
Maxine Waters,19,18,0.9474,1,0.0526
Bill Johnson,62,31,0.5,19,0.3065
David Loebsack,82,81,0.9878,0,0.0
Henry Johnson,145,117,0.8069,8,0.0552
Lindsey Graham,7,5,0.7143,0,0.0
Austin Scott,144,124,0.8611,3,0.0208
Carol Shea-Porter,35,28,0.8,5,0.1429
Brad Sherman,10,10,1.0,0,0.0
Blanche Lincoln,60,59,0.9833,1,0.0167
Ron Wyden,14,14,1.0,0,0.0
Mike Johanns,36,36,1.0,0,0.0
Rodney Alexander,120,100,0.8333,4,0.0333
Ralph Abraham,5,5,1.0,0,0.0
Carolyn McCarthy,100,92,0.92,1,0.01
Mark Warner,59,59,1.0,0,0.0
Bill Pascrell,21,18,0.8571,0,0.0
Richard Neal,16,12,0.75,0,0.0
Don Young,32,23,0.7188,3,0.0938
Timothy Kaine,18,17,0.9444,0,0.0
Scott Garrett,151,118,0.7815,4,0.0265
Betty Sutton,1,1,1.0,0,0.0
Allyson Schwartz,110,107,0.9727,1,0.0091
John Adler,8,8,1.0,0,0.0
Ben Nelson,77,75,0.974,1,0.013
Elijah Cummings,13,11,0.8462,0,0.0
Bill Nelson,104,102,0.9808,1,0.0096
Virginia Brown-Waite,3,3,1.0,0,0.0
John Isakson,70,41,0.5857,8,0.1143
Joseph Pitts,258,180,0.6977,17,0.0659
Norma Torres,5,5,1.0,0,0.0
Leonard Lance,249,199,0.7992,14,0.0562
Tom Marino,49,38,0.7755,5,0.102
Rand Paul,197,125,0.6345,34,0.1726
Jo Bonner,170,170,1.0,0,0.0
Tim Scott,161,139,0.8634,5,0.0311
Buddy Carter,31,15,0.4839,5,0.1613
Marco Rubio,196,177,0.9031,5,0.0255
Steve Stockman,125,86,0.688,14,0.112
Jeff Miller,340,274,0.8059,14,0.0412
Joseph Crowley,22,22,1.0,0,0.0
Lucille Roybal-Allard,71,66,0.9296,1,0.0141
Kevin Yoder,263,226,0.8593,9,0.0342
Barbara Comstock,5,5,1.0,0,0.0
John Ratcliffe,21,18,0.8571,2,0.0952
Donald Beyer,2,2,1.0,0,0.0
Larry Bucshon,36,25,0.6944,2,0.0556
Doc Hastings,26,20,0.7692,2,0.0769
Allen West,154,128,0.8312,8,0.0519
Jay Inslee,26,25,0.9615,0,0.0
Pete Sessions,182,123,0.6758,21,0.1154
Chris Van Hollen,34,33,0.9706,0,0.0
Gregg Harper,158,128,0.8101,12,0.0759
Jim McDermott,28,24,0.8571,1,0.0357
Barney Frank,1,1,1.0,0,0.0
Peter DeFazio,4,4,1.0,0,0.0
John Mica,96,88,0.9167,1,0.0104
Michael Castle,15,14,0.9333,0,0.0
Scott Perry,138,132,0.9565,4,0.029
Bill Cassidy,126,91,0.7222,9,0.0714
Denny Heck,23,20,0.8696,1,0.0435
Randy Weber,37,35,0.9459,0,0.0
Frank Guinta,120,102,0.85,2,0.0167
Bill Foster,36,35,0.9722,0,0.0
Bill Shuster,36,26,0.7222,3,0.0833
David Joyce,41,33,0.8049,1,0.0244
Tim Murphy,384,321,0.8359,14,0.0365
Dan Benishek,100,92,0.92,1,0.01
Frederica Wilson,26,23,0.8846,1,0.0385
Paul Cook,99,83,0.8384,3,0.0303
Debbie Stabenow,86,70,0.814,7,0.0814
Robert Wittman,148,143,0.9662,2,0.0135
Steve Daines,39,34,0.8718,4,0.1026
Bob Etheridge,18,17,0.9444,1,0.0556
Thomas Carper,120,119,0.9917,0,0.0
Steve Stivers,54,54,1.0,0,0.0
Peter Hoekstra,59,47,0.7966,4,0.0678
Dan Burton,25,20,0.8,3,0.12
Christopher Lee,30,28,0.9333,0,0.0
Christopher Smith,5,5,1.0,0,0.0
Melissa Bean,10,10,1.0,0,0.0
Gregory Meeks,28,24,0.8571,1,0.0357
Mark Pocan,12,12,1.0,0,0.0
Raul Ruiz,18,18,1.0,0,0.0
Patrick Meehan,92,83,0.9022,1,0.0109
Robert Casey,69,59,0.8551,2,0.029
John Spratt,23,22,0.9565,1,0.0435
Greg Walden,85,69,0.8118,9,0.1059
Mimi Walters,7,5,0.7143,0,0.0
Reid Ribble,93,85,0.914,2,0.0215
Ann Kirkpatrick,46,42,0.913,1,0.0217
Eric Massa,6,5,0.8333,0,0.0
John Tierney,61,61,1.0,0,0.0
F. Sensenbrenner,107,69,0.6449,20,0.1869
Alan Nunnelee,164,108,0.6585,16,0.0976
Bob Gibbs,23,22,0.9565,1,0.0435
Bill Huizenga,95,95,1.0,0,0.0
Sherrod Brown,29,29,1.0,0,0.0
Lee Zeldin,10,10,1.0,0,0.0
Phil Gingrey,199,115,0.5779,40,0.201
Louie Gohmert,173,155,0.896,4,0.0231
Gloria Negrete McLeod,29,29,1.0,0,0.0
Steven Horsford,4,4,1.0,0,0.0
Patrick Tiberi,27,19,0.7037,6,0.2222
James Renacci,188,165,0.8777,7,0.0372
Charles Fleischmann,37,20,0.5405,5,0.1351
Evan Bayh,10,10,1.0,0,0.0
Jerry Costello,13,12,0.9231,0,0.0
Kevin McCarthy,53,48,0.9057,0,0.0
Richard Nolan,125,96,0.768,10,0.08
Sam Farr,35,32,0.9143,0,0.0
Roger Wicker,293,156,0.5324,61,0.2082
Bruce Westerman,10,10,1.0,0,0.0
Geoff Davis,149,105,0.7047,18,0.1208
Robert Pittenger,47,24,0.5106,8,0.1702
Ron Klein,37,34,0.9189,2,0.0541
Lynn Jenkins,320,205,0.6406,45,0.1406
Suzanne Kosmas,9,9,1.0,0,0.0
Eric Swalwell,55,54,0.9818,0,0.0
Barbara Lee,81,73,0.9012,3,0.037
George LeMieux,22,21,0.9545,0,0.0
Ander Crenshaw,84,63,0.75,7,0.0833
Roy Blunt,83,55,0.6627,9,0.1084
Andy Harris,158,126,0.7975,6,0.038
Edward Royce,120,91,0.7583,12,0.1
Lois Frankel,15,15,1.0,0,0.0
Markwayne Mullin,125,104,0.832,9,0.072
Timothy Walz,33,28,0.8485,0,0.0
Arlen Specter,10,7,0.7,0,0.0
Frank Wolf,71,64,0.9014,0,0.0
Thaddeus McCotter,15,11,0.7333,1,0.0667
Vernon Ehlers,23,20,0.8696,2,0.087
Sam Graves,352,323,0.9176,5,0.0142
Mike Ross,143,133,0.9301,0,0.0
Brian Baird,2,2,1.0,0,0.0
John Olver,21,14,0.6667,2,0.0952
Edward Kaufman,27,25,0.9259,0,0.0
John Shadegg,30,24,0.8,3,0.1
Charles Rangel,235,178,0.7574,6,0.0255
Chellie Pingree,42,42,1.0,0,0.0
Alan Grayson,16,15,0.9375,1,0.0625
George Holding,39,28,0.7179,0,0.0
David Reichert,73,72,0.9863,0,0.0
Peter King,1,1,1.0,0,0.0
Nan Hayworth,65,57,0.8769,1,0.0154
Carolyn Kilpatrick,4,4,1.0,0,0.0
Harry Teague,60,60,1.0,0,0.0
Deb Fischer,19,9,0.4737,2,0.1053
Trent Franks,5,5,1.0,0,0.0
Todd Rokita,168,143,0.8512,9,0.0536
Peter Visclosky,83,82,0.988,0,0.0
Ron Kind,192,183,0.9531,2,0.0104
Ed Whitfield,125,74,0.592,12,0.096
Thomas Perriello,54,50,0.9259,1,0.0185
Tom Cotton,41,21,0.5122,8,0.1951
Karen Bass,149,113,0.7584,5,0.0336
Mark Amodei,2,2,1.0,0,0.0
Timothy Bishop,101,98,0.9703,0,0.0
Brenda Lawrence,2,2,1.0,0,0.0
Edward Markey,11,8,0.7273,1,0.0909
Yvette Clarke,84,67,0.7976,1,0.0119
Louise Slaughter,133,126,0.9474,1,0.0075
Heidi Heitkamp,20,19,0.95,0,0.0
Gary Ackerman,26,25,0.9615,0,0.0
Carolyn Maloney,38,21,0.5526,3,0.0789
Tom Graves,70,55,0.7857,5,0.0714
Dennis Moore,20,18,0.9,0,0.0
Frank Pallone,19,19,1.0,0,0.0
Joe Garcia,11,11,1.0,0,0.0
Parker Griffith,16,9,0.5625,3,0.1875
John Rockefeller,57,56,0.9825,0,0.0
Michelle Lujan Grisham,27,27,1.0,0,0.0
Rick Berg,3,3,1.0,0,0.0
Thomas Coburn,15,12,0.8,2,0.1333
Mario Diaz-Balart,34,32,0.9412,0,0.0
Ben Quayle,67,44,0.6567,2,0.0299
Zoe Lofgren,24,24,1.0,0,0.0
Lynn Woolsey,6,6,1.0,0,0.0
Zachary Space,49,48,0.9796,0,0.0
Lynn Westmoreland,224,106,0.4732,50,0.2232
Duncan Hunter,63,60,0.9524,0,0.0
Daniel Lungren,93,86,0.9247,1,0.0108
Robert Latta,89,71,0.7978,7,0.0787
Ron Johnson,126,95,0.754,12,0.0952
Jeff Bingaman,166,157,0.9458,2,0.012
David Brat,5,5,1.0,0,0.0
Eleanor Norton,41,32,0.7805,1,0.0244
Jackie Walorski,32,22,0.6875,5,0.1563
Adam Kinzinger,61,54,0.8852,1,0.0164
Gerald Connolly,38,36,0.9474,0,0.0
Daniel Lipinski,142,135,0.9507,0,0.0
Brad Ashford,6,5,0.8333,0,0.0
Doug Collins,92,70,0.7609,2,0.0217
Jim DeMint,21,17,0.8095,2,0.0952
Paul Tonko,121,115,0.9504,1,0.0083
Ted Cruz,31,6,0.1935,20,0.6452
Tom Price,334,195,0.5838,45,0.1347
Richard Hudson,141,101,0.7163,9,0.0638
Jerry McNerney,16,15,0.9375,1,0.0625
Gregorio Sablan,1,1,1.0,0,0.0
Jeb Hensarling,80,55,0.6875,6,0.075
Richard Lugar,21,17,0.8095,2,0.0952
Frank Kratovil,8,6,0.75,1,0.125
Bob Goodlatte,215,179,0.8326,15,0.0698
Earl Pomeroy,16,15,0.9375,0,0.0
David Young,22,20,0.9091,0,0.0
Suzan DelBene,29,29,1.0,0,0.0
Brian Higgins,14,11,0.7857,1,0.0714
Ami Bera,124,122,0.9839,0,0.0
Mike Rogers,93,52,0.5591,13,0.1398
George Radanovich,8,8,1.0,0,0.0
Glenn Thompson,16,7,0.4375,5,0.3125
Francisco Canseco,133,111,0.8346,5,0.0376
Dave Camp,105,95,0.9048,2,0.019
David Price,3,2,0.6667,0,0.0
Hansen Clarke,2,2,1.0,0,0.0
Pedro Pierluisi,20,19,0.95,0,0.0
Anna Eshoo,67,60,0.8955,3,0.0448
Howard McKeon,65,58,0.8923,3,0.0462
Robin Kelly,19,19,1.0,0,0.0
Charles Melancon,4,4,1.0,0,0.0
Chris Collins,24,16,0.6667,4,0.1667
Connie Mack,27,20,0.7407,3,0.1111
Tammy Baldwin,88,73,0.8295,7,0.0795
Thomas Petri,63,47,0.746,4,0.0635
Ken Buck,25,19,0.76,3,0.12
James Lankford,129,110,0.8527,8,0.062
Stevan Pearce,177,146,0.8249,9,0.0508
Tom Emmer,21,18,0.8571,1,0.0476
Gene Taylor,12,12,1.0,0,0.0
Jeff Merkley,71,69,0.9718,2,0.0282
Darrell Issa,65,46,0.7077,7,0.1077
Michael Capuano,220,178,0.8091,9,0.0409
James McGovern,9,8,0.8889,0,0.0
Mark DeSaulnier,19,18,0.9474,0,0.0
Bob Dold,64,63,0.9844,1,0.0156
Scott DesJarlais,64,33,0.5156,12,0.1875
Sheldon Whitehouse,52,46,0.8846,0,0.0
John McCain,8,2,0.25,4,0.5
Doug Lamborn,621,433,0.6973,73,0.1176
Donna Edwards,130,116,0.8923,3,0.0231
Suzanne Bonamici,32,27,0.8438,1,0.0313
William Keating,13,13,1.0,0,0.0
Betty McCollum,63,54,0.8571,4,0.0635
Rodney Davis,38,29,0.7632,1,0.0263
Marcia Fudge,59,51,0.8644,0,0.0
Daniel Inouye,9,8,0.8889,0,0.0
Kathy Castor,44,38,0.8636,0,0.0
Robert Brady,169,154,0.9112,3,0.0178
Michael Grimm,69,56,0.8116,2,0.029
Brian Schatz,8,8,1.0,0,0.0
Adam Smith,76,72,0.9474,1,0.0132
Michele Bachmann,83,44,0.5301,15,0.1807
Michael Simpson,216,154,0.713,21,0.0972
Jason Altmire,41,38,0.9268,1,0.0244
Kirsten Gillibrand,21,21,1.0,0,0.0
Silvestre Reyes,31,26,0.8387,0,0.0
Blaine Luetkemeyer,359,307,0.8552,9,0.0251
Lamar Alexander,6,3,0.5,2,0.3333
Heath Shuler,21,18,0.8571,2,0.0952
Gwen Graham,6,6,1.0,0,0.0
Saxby Chambliss,94,76,0.8085,8,0.0851
James Inhofe,117,65,0.5556,15,0.1282
Sander Levin,211,187,0.8863,4,0.019
Frank LoBiondo,29,23,0.7931,2,0.069
Patrick Leahy,31,24,0.7742,2,0.0645
Paul Ryan,123,68,0.5528,29,0.2358
Ted Poe,112,105,0.9375,2,0.0179
Xavier Becerra,128,116,0.9063,2,0.0156
Ron DeSantis,123,53,0.4309,33,0.2683
Eric Crawford,128,125,0.9766,2,0.0156
Tulsi Gabbard,22,20,0.9091,0,0.0
George Miller,83,78,0.9398,0,0.0
Niki Tsongas,162,138,0.8519,3,0.0185
Daniel Webster,135,117,0.8667,3,0.0222
Rob Woodall,90,56,0.6222,4,0.0444
Steve Israel,117,111,0.9487,2,0.0171
John Larson,188,171,0.9096,0,0.0
Randy Hultgren,124,105,0.8468,1,0.0081
Billy Long,82,60,0.7317,7,0.0854
Daniel Coats,179,100,0.5587,32,0.1788
Devin Nunes,225,197,0.8756,4,0.0178
Filemon Vela,32,30,0.9375,0,0.0
Justin Amash,50,44,0.88,1,0.02
Katherine Clark,30,29,0.9667,0,0.0
Kyrsten Sinema,2,2,1.0,0,0.0
John Salazar,2,2,1.0,0,0.0
Tim Holden,3,3,1.0,0,0.0
Eric Cantor,474,373,0.7869,16,0.0338
John Reed,11,8,0.7273,1,0.0909
Richard Nugent,176,140,0.7955,8,0.0455
Thomas Rooney,183,152,0.8306,10,0.0546
Adam Schiff,195,162,0.8308,12,0.0615
Steven Palazzo,151,120,0.7947,3,0.0199
Lamar Smith,67,51,0.7612,8,0.1194
Brett Guthrie,41,37,0.9024,2,0.0488
David McKinley,122,75,0.6148,14,0.1148
James Moran,73,64,0.8767,1,0.0137
Scott Murphy,19,18,0.9474,1,0.0526
Alma Adams,1,0,0.0,1,1.0
Gary Peters,26,21,0.8077,1,0.0385
Lee Terry,136,109,0.8015,11,0.0809
Fred Upton,182,172,0.9451,3,0.0165
Patty Murray,73,72,0.9863,1,0.0137
Trey Gowdy,48,48,1.0,0,0.0
H. Griffith,280,181,0.6464,32,0.1143
Cedric Richmond,75,64,0.8533,2,0.0267
Michael McCaul,254,203,0.7992,11,0.0433
Hakeem Jeffries,9,8,0.8889,0,0.0
Michael Turner,75,63,0.84,3,0.04
John Hall,26,25,0.9615,0,0.0
Thomas Edwards,34,31,0.9118,2,0.0588
Patrick McHenry,153,106,0.6928,9,0.0588
Jon Kyl,31,30,0.9677,0,0.0
Janice Hahn,112,91,0.8125,9,0.0804
Stephen Fincher,89,62,0.6966,10,0.1124
Victor Snyder,1,1,1.0,0,0.0
Bart Stupak,10,10,1.0,0,0.0
Charles Boustany,108,81,0.75,6,0.0556
Christopher Bond,2,2,1.0,0,0.0
Bill Flores,83,59,0.7108,8,0.0964
Emanuel Cleaver,303,259,0.8548,10,0.033
Mark Walker,5,4,0.8,0,0.0
Steve Kagen,2,2,1.0,0,0.0
Gus Bilirakis,113,104,0.9204,1,0.0088
Kristi Noem,43,38,0.8837,1,0.0233
Mark Takai,16,15,0.9375,0,0.0
Kelly Ayotte,221,218,0.9864,3,0.0136
Derek Kilmer,65,58,0.8923,2,0.0308
Jack Kingston,145,86,0.5931,18,0.1241
Donald Manzullo,173,148,0.8555,6,0.0347
James Himes,69,62,0.8986,0,0.0
W. Akin,79,67,0.8481,3,0.038
Gwen Moore,53,43,0.8113,0,0.0
Pete Olson,194,145,0.7474,13,0.067
Ann Kuster,114,98,0.8596,2,0.0175
Jeff Duncan,60,45,0.75,7,0.1167
Doris Matsui,64,59,0.9219,1,0.0156
Bradley Byrne,56,34,0.6071,8,0.1429
Tom Reed,127,104,0.8189,8,0.063
Max Baucus,41,41,1.0,0,0.0
Keith Ellison,88,85,0.9659,1,0.0114
John Delaney,103,100,0.9709,0,0.0
Dan Newhouse,14,12,0.8571,2,0.1429
John Boccieri,75,75,1.0,0,0.0
Brad Ellsworth,17,15,0.8824,1,0.0588
Matthew Cartwright,4,4,1.0,0,0.0
Grace Meng,47,47,1.0,0,0.0
Nancy Pelosi,299,237,0.7926,4,0.0134
Ed Perlmutter,151,144,0.9536,2,0.0132
Cathy McMorris Rodgers,79,63,0.7975,2,0.0253
Elizabeth Warren,1,1,1.0,0,0.0
Dina Titus,33,30,0.9091,0,0.0
Susan Brooks,21,15,0.7143,0,0.0
R. Miller,15,14,0.9333,0,0.0
Pat Roberts,54,37,0.6852,5,0.0926
John Kerry,19,13,0.6842,0,0.0
Pete Aguilar,8,7,0.875,0,0.0
David Roe,288,189,0.6563,52,0.1806
Mark Souder,12,10,0.8333,1,0.0833
Cheri Bustos,132,125,0.947,0,0.0
Cory Gardner,164,149,0.9085,4,0.0244
John Culberson,182,135,0.7418,17,0.0934
Jared Huffman,28,20,0.7143,4,0.1429
Gary Palmer,5,4,0.8,1,0.2
Charles Wilson,60,55,0.9167,1,0.0167
Debbie Dingell,11,10,0.9091,0,0.0
Lou Barletta,72,49,0.6806,6,0.0833
John Sarbanes,27,24,0.8889,1,0.037
Steve Southerland,59,51,0.8644,0,0.0
Jerry Moran,313,193,0.6166,49,0.1565
Kurt Schrader,44,43,0.9773,0,0.0
Ted Yoho,96,79,0.8229,5,0.0521
Cresent Hardy,11,11,1.0,0,0.0
Dennis Rehberg,136,103,0.7574,18,0.1324
Keith Rothfus,133,87,0.6541,17,0.1278
George Voinovich,13,11,0.8462,0,0.0
Joe Wilson,38,34,0.8947,1,0.0263
Erik Paulsen,156,149,0.9551,2,0.0128
Joe Donnelly,173,167,0.9653,3,0.0173
Jackie Speier,204,198,0.9706,1,0.0049
Marlin Stutzman,10,10,1.0,0,0.0
Ralph Hall,21,11,0.5238,5,0.2381
Garland Barr,125,92,0.736,8,0.064
Earl Blumenauer,90,78,0.8667,3,0.0333
Carl Levin,42,40,0.9524,0,0.0
Jared Polis,21,21,1.0,0,0.0
Ann Wagner,106,70,0.6604,9,0.0849
Walter Herger,352,218,0.6193,50,0.142
John Cornyn,251,180,0.7171,29,0.1155
Ann Marie Buerkle,44,41,0.9318,1,0.0227
Ileana Ros-Lehtinen,420,379,0.9024,9,0.0214
John Thune,73,28,0.3836,36,0.4932
J. Forbes,679,608,0.8954,12,0.0177
Michael Enzi,48,37,0.7708,4,0.0833
Jim Cooper,71,70,0.9859,0,0.0
Tim Griffin,34,34,1.0,0,0.0
Byron Dorgan,11,10,0.9091,0,0.0
Bill Posey,28,27,0.9643,1,0.0357
Martin Heinrich,147,140,0.9524,0,0.0
Mary Bono Mack,13,12,0.9231,0,0.0
Sandy Adams,27,22,0.8148,2,0.0741
Roscoe Bartlett,1,1,1.0,0,0.0
Howard Berman,19,17,0.8947,0,0.0
Clifford Stearns,16,12,0.75,2,0.125
Paul Broun,114,99,0.8684,4,0.0351
Joseph Kennedy,24,22,0.9167,0,0.0
Jim Costa,170,164,0.9647,1,0.0059
Sue Myrick,43,41,0.9535,2,0.0465
Bonnie Watson Coleman,2,2,1.0,0,0.0
John Moolenaar,4,3,0.75,0,0.0
Bobby Rush,7,7,1.0,0,0.0
Chris Stewart,34,31,0.9118,0,0.0
Dean Heller,175,157,0.8971,4,0.0229
Richard Hanna,173,160,0.9249,2,0.0116
Michael Arcuri,11,11,1.0,0,0.0
Orrin Hatch,141,128,0.9078,2,0.0142
Mac Thornberry,103,76,0.7379,6,0.0583
Kathleen Rice,5,4,0.8,1,0.2
Charles Bass,65,60,0.9231,1,0.0154
John Lewis,5,5,1.0,0,0.0
Russell Feingold,17,12,0.7059,0,0.0
Bruce Poliquin,1,1,1.0,0,0.0
Christopher Dodd,5,5,1.0,0,0.0
Anthony Weiner,7,7,1.0,0,0.0
Paul Hodes,8,8,1.0,0,0.0
Robert Andrews,117,103,0.8803,4,0.0342
Matt Salmon,120,105,0.875,2,0.0167
Solomon Ortiz,12,12,1.0,0,0.0
Steve Austria,94,79,0.8404,6,0.0638
Steve Chabot,19,13,0.6842,2,0.1053
Jeff Flake,7,6,0.8571,1,0.1429
Gene Green,9,9,1.0,0,0.0
Susan Davis,70,66,0.9429,1,0.0143
James Langevin,59,59,1.0,0,0.0
Wm. Clay,4,3,0.75,0,0.0
Albio Sires,74,70,0.9459,1,0.0135
Jeff Denham,267,237,0.8876,3,0.0112
Sanford Bishop,1,1,1.0,0,0.0
Mark Meadows,134,84,0.6269,19,0.1418
Marshall Sanford,28,25,0.8929,2,0.0714
Rosa DeLauro,85,76,0.8941,1,0.0118
Kay Granger,267,226,0.8464,16,0.0599
Jon Runyan,57,52,0.9123,0,0.0
Susan Collins,217,211,0.9724,1,0.0046
Candice Miller,621,512,0.8245,33,0.0531
Olympia Snowe,72,61,0.8472,2,0.0278
Kay Hagan,29,27,0.931,1,0.0345
Rick Allen,19,16,0.8421,1,0.0526
Kerry Bentivolio,28,19,0.6786,0,0.0
John Hoeven,1,1,1.0,0,0.0
Vern Buchanan,593,551,0.9292,10,0.0169
Ryan Zinke,6,5,0.8333,0,0.0
Diana DeGette,126,100,0.7937,5,0.0397
Michael Michaud,36,31,0.8611,0,0.0
Laura Richardson,26,23,0.8846,0,0.0
Mark Critz,3,3,1.0,0,0.0
Steve Knight,2,2,1.0,0,0.0
Phil Hare,18,13,0.7222,0,0.0
John Barrow,89,87,0.9775,0,0.0
Bennie Thompson,20,13,0.65,4,0.2
James Oberstar,40,40,1.0,0,0.0
Cynthia Lummis,142,115,0.8099,6,0.0423
Kevin Cramer,48,36,0.75,3,0.0625
Seth Moulton,4,4,1.0,0,0.0
Benjamin Cardin,58,48,0.8276,4,0.069
Harry Mitchell,27,27,1.0,0,0.0
David Cicilline,211,197,0.9336,0,0.0
Ruben Gallego,4,4,1.0,0,0.0
Tom Latham,82,70,0.8537,3,0.0366
Jim Gerlach,129,83,0.6434,15,0.1163
John Boehner,153,90,0.5882,22,0.1438
Ronald Paul,148,134,0.9054,1,0.0068
Eddie Johnson,17,16,0.9412,1,0.0588
Charles Schumer,3,3,1.0,0,0.0
Scott Tipton,135,108,0.8,2,0.0148
Nick Rahall,7,7,1.0,0,0.0
Chip Cravaack,85,71,0.8353,4,0.0471
Mark Pryor,48,44,0.9167,0,0.0
Steve Womack,235,187,0.7957,10,0.0426
Mark Udall,127,115,0.9055,2,0.0157
Bruce Braley,118,113,0.9576,1,0.0085
Paul Kanjorski,20,20,1.0,0,0.0
John Carney,44,40,0.9091,0,0.0
Grace Napolitano,17,17,1.0,0,0.0
Nathan Deal,1,0,0.0,1,1.0
Ryan Costello,34,27,0.7941,0,0.0
Jason Chaffetz,64,45,0.7031,6,0.0938
Sam Johnson,47,40,0.8511,1,0.0213
Robert Portman,42,23,0.5476,5,0.119
Joe Barton,64,62,0.9688,2,0.0313
David Rouzer,12,10,0.8333,0,0.0
Jesse Jackson,19,17,0.8947,0,0.0
Renee Ellmers,198,143,0.7222,17,0.0859
Doug LaMalfa,74,63,0.8514,1,0.0135
Jim Webb,42,41,0.9762,0,0.0
Mike Bishop,12,11,0.9167,0,0.0
Paul Gosar,180,103,0.5722,23,0.1278
Maurice Hinchey,2,2,1.0,0,0.0
Lloyd Doggett,7,5,0.7143,2,0.2857
